"","Survived","Pclass","Sex","Age","SibSp","Parch"
"1","Dead","3ª class","male",22,1,0
"2","Survived","1ª class","female",38,1,0
"3","Survived","3ª class","female",26,0,0
"4","Survived","1ª class","female",35,1,0
"5","Dead","3ª class","male",35,0,0
"6","Dead","3ª class","male",35,0,0
"7","Dead","1ª class","male",54,0,0
"8","Dead","3ª class","male",2,3,1
"9","Survived","3ª class","female",27,0,2
"10","Survived","2ª class","female",14,1,0
"11","Survived","3ª class","female",4,1,1
"12","Survived","1ª class","female",58,0,0
"13","Dead","3ª class","male",20,0,0
"14","Dead","3ª class","male",39,1,5
"15","Dead","3ª class","female",14,0,0
"16","Survived","2ª class","female",55,0,0
"17","Dead","3ª class","male",2,4,1
"18","Survived","2ª class","male",55,0,0
"19","Dead","3ª class","female",31,1,0
"20","Survived","3ª class","female",55,0,0
"21","Dead","2ª class","male",35,0,0
"22","Survived","2ª class","male",34,0,0
"23","Survived","3ª class","female",15,0,0
"24","Survived","1ª class","male",28,0,0
"25","Dead","3ª class","female",8,3,1
"26","Survived","3ª class","female",38,1,5
"27","Dead","3ª class","male",35,0,0
"28","Dead","1ª class","male",19,3,2
"29","Survived","3ª class","female",55,0,0
"30","Dead","3ª class","male",35,0,0
"31","Dead","1ª class","male",40,0,0
"32","Survived","1ª class","female",35,1,0
"33","Survived","3ª class","female",55,0,0
"34","Dead","2ª class","male",66,0,0
"35","Dead","1ª class","male",28,1,0
"36","Dead","1ª class","male",42,1,0
"37","Survived","3ª class","male",55,0,0
"38","Dead","3ª class","male",21,0,0
"39","Dead","3ª class","female",18,2,0
"40","Survived","3ª class","female",14,1,0
"41","Dead","3ª class","female",40,1,0
"42","Dead","2ª class","female",27,1,0
"43","Dead","3ª class","male",35,0,0
"44","Survived","2ª class","female",3,1,2
"45","Survived","3ª class","female",19,0,0
"46","Dead","3ª class","male",35,0,0
"47","Dead","3ª class","male",28,1,0
"48","Survived","3ª class","female",55,0,0
"49","Dead","3ª class","male",26,2,0
"50","Dead","3ª class","female",18,1,0
"51","Dead","3ª class","male",7,4,1
"52","Dead","3ª class","male",21,0,0
"53","Survived","1ª class","female",49,1,0
"54","Survived","2ª class","female",29,1,0
"55","Dead","1ª class","male",65,0,1
"56","Survived","1ª class","male",55,0,0
"57","Survived","2ª class","female",21,0,0
"58","Dead","3ª class","male",28.5,0,0
"59","Survived","2ª class","female",5,1,2
"60","Dead","3ª class","male",11,5,2
"61","Dead","3ª class","male",22,0,0
"62","Survived","1ª class","female",38,0,0
"63","Dead","1ª class","male",45,1,0
"64","Dead","3ª class","male",4,3,2
"65","Dead","1ª class","male",35,0,0
"66","Survived","3ª class","male",3,1,1
"67","Survived","2ª class","female",29,0,0
"68","Dead","3ª class","male",19,0,0
"69","Survived","3ª class","female",17,4,2
"70","Dead","3ª class","male",26,2,0
"71","Dead","2ª class","male",32,0,0
"72","Dead","3ª class","female",16,5,2
"73","Dead","2ª class","male",21,0,0
"74","Dead","3ª class","male",26,1,0
"75","Survived","3ª class","male",32,0,0
"76","Dead","3ª class","male",25,0,0
"77","Dead","3ª class","male",35,0,0
"78","Dead","3ª class","male",35,0,0
"79","Survived","2ª class","male",0.83,0,2
"80","Survived","3ª class","female",30,0,0
"81","Dead","3ª class","male",22,0,0
"82","Survived","3ª class","male",29,0,0
"83","Survived","3ª class","female",55,0,0
"84","Dead","1ª class","male",28,0,0
"85","Survived","2ª class","female",17,0,0
"86","Survived","3ª class","female",33,3,0
"87","Dead","3ª class","male",16,1,3
"88","Dead","3ª class","male",35,0,0
"89","Survived","1ª class","female",23,3,2
"90","Dead","3ª class","male",24,0,0
"91","Dead","3ª class","male",29,0,0
"92","Dead","3ª class","male",20,0,0
"93","Dead","1ª class","male",46,1,0
"94","Dead","3ª class","male",26,1,2
"95","Dead","3ª class","male",59,0,0
"96","Dead","3ª class","male",35,0,0
"97","Dead","1ª class","male",71,0,0
"98","Survived","1ª class","male",23,0,1
"99","Survived","2ª class","female",34,0,1
"100","Dead","2ª class","male",34,1,0
"101","Dead","3ª class","female",28,0,0
"102","Dead","3ª class","male",35,0,0
"103","Dead","1ª class","male",21,0,1
"104","Dead","3ª class","male",33,0,0
"105","Dead","3ª class","male",37,2,0
"106","Dead","3ª class","male",28,0,0
"107","Survived","3ª class","female",21,0,0
"108","Survived","3ª class","male",55,0,0
"109","Dead","3ª class","male",38,0,0
"110","Survived","3ª class","female",35,1,0
"111","Dead","1ª class","male",47,0,0
"112","Dead","3ª class","female",14.5,1,0
"113","Dead","3ª class","male",22,0,0
"114","Dead","3ª class","female",20,1,0
"115","Dead","3ª class","female",17,0,0
"116","Dead","3ª class","male",21,0,0
"117","Dead","3ª class","male",70.5,0,0
"118","Dead","2ª class","male",29,1,0
"119","Dead","1ª class","male",24,0,1
"120","Dead","3ª class","female",2,4,2
"121","Dead","2ª class","male",21,2,0
"122","Dead","3ª class","male",35,0,0
"123","Dead","2ª class","male",32.5,1,0
"124","Survived","2ª class","female",32.5,0,0
"125","Dead","1ª class","male",54,0,1
"126","Survived","3ª class","male",12,1,0
"127","Dead","3ª class","male",35,0,0
"128","Survived","3ª class","male",24,0,0
"129","Survived","3ª class","female",3,1,1
"130","Dead","3ª class","male",45,0,0
"131","Dead","3ª class","male",33,0,0
"132","Dead","3ª class","male",20,0,0
"133","Dead","3ª class","female",47,1,0
"134","Survived","2ª class","female",29,1,0
"135","Dead","2ª class","male",25,0,0
"136","Dead","2ª class","male",23,0,0
"137","Survived","1ª class","female",19,0,2
"138","Dead","1ª class","male",37,1,0
"139","Dead","3ª class","male",16,0,0
"140","Dead","1ª class","male",24,0,0
"141","Dead","3ª class","female",40.5,0,2
"142","Survived","3ª class","female",22,0,0
"143","Survived","3ª class","female",24,1,0
"144","Dead","3ª class","male",19,0,0
"145","Dead","2ª class","male",18,0,0
"146","Dead","2ª class","male",19,1,1
"147","Survived","3ª class","male",27,0,0
"148","Dead","3ª class","female",9,2,2
"149","Dead","2ª class","male",36.5,0,2
"150","Dead","2ª class","male",42,0,0
"151","Dead","2ª class","male",51,0,0
"152","Survived","1ª class","female",22,1,0
"153","Dead","3ª class","male",55.5,0,0
"154","Dead","3ª class","male",40.5,0,2
"155","Dead","3ª class","male",35,0,0
"156","Dead","1ª class","male",51,0,1
"157","Survived","3ª class","female",16,0,0
"158","Dead","3ª class","male",30,0,0
"159","Dead","3ª class","male",35,0,0
"160","Dead","3ª class","male",11,8,2
"161","Dead","3ª class","male",44,0,1
"162","Survived","2ª class","female",40,0,0
"163","Dead","3ª class","male",26,0,0
"164","Dead","3ª class","male",17,0,0
"165","Dead","3ª class","male",1,4,1
"166","Survived","3ª class","male",9,0,2
"167","Survived","1ª class","female",34,0,1
"168","Dead","3ª class","female",45,1,4
"169","Dead","1ª class","male",35,0,0
"170","Dead","3ª class","male",28,0,0
"171","Dead","1ª class","male",61,0,0
"172","Dead","3ª class","male",4,4,1
"173","Survived","3ª class","female",1,1,1
"174","Dead","3ª class","male",21,0,0
"175","Dead","1ª class","male",56,0,0
"176","Dead","3ª class","male",18,1,1
"177","Dead","3ª class","male",3,3,1
"178","Dead","1ª class","female",50,0,0
"179","Dead","2ª class","male",30,0,0
"180","Dead","3ª class","male",36,0,0
"181","Dead","3ª class","female",11,8,2
"182","Dead","2ª class","male",35,0,0
"183","Dead","3ª class","male",9,4,2
"184","Survived","2ª class","male",1,2,1
"185","Survived","3ª class","female",4,0,2
"186","Dead","1ª class","male",35,0,0
"187","Survived","3ª class","female",35,1,0
"188","Survived","1ª class","male",45,0,0
"189","Dead","3ª class","male",40,1,1
"190","Dead","3ª class","male",36,0,0
"191","Survived","2ª class","female",32,0,0
"192","Dead","2ª class","male",19,0,0
"193","Survived","3ª class","female",19,1,0
"194","Survived","2ª class","male",3,1,1
"195","Survived","1ª class","female",44,0,0
"196","Survived","1ª class","female",58,0,0
"197","Dead","3ª class","male",35,0,0
"198","Dead","3ª class","male",42,0,1
"199","Survived","3ª class","female",55,0,0
"200","Dead","2ª class","female",24,0,0
"201","Dead","3ª class","male",28,0,0
"202","Dead","3ª class","male",11,8,2
"203","Dead","3ª class","male",34,0,0
"204","Dead","3ª class","male",45.5,0,0
"205","Survived","3ª class","male",18,0,0
"206","Dead","3ª class","female",2,0,1
"207","Dead","3ª class","male",32,1,0
"208","Survived","3ª class","male",26,0,0
"209","Survived","3ª class","female",16,0,0
"210","Survived","1ª class","male",40,0,0
"211","Dead","3ª class","male",24,0,0
"212","Survived","2ª class","female",35,0,0
"213","Dead","3ª class","male",22,0,0
"214","Dead","2ª class","male",30,0,0
"215","Dead","3ª class","male",28,1,0
"216","Survived","1ª class","female",31,1,0
"217","Survived","3ª class","female",27,0,0
"218","Dead","2ª class","male",42,1,0
"219","Survived","1ª class","female",32,0,0
"220","Dead","2ª class","male",30,0,0
"221","Survived","3ª class","male",16,0,0
"222","Dead","2ª class","male",27,0,0
"223","Dead","3ª class","male",51,0,0
"224","Dead","3ª class","male",35,0,0
"225","Survived","1ª class","male",38,1,0
"226","Dead","3ª class","male",22,0,0
"227","Survived","2ª class","male",19,0,0
"228","Dead","3ª class","male",20.5,0,0
"229","Dead","2ª class","male",18,0,0
"230","Dead","3ª class","female",3,3,1
"231","Survived","1ª class","female",35,1,0
"232","Dead","3ª class","male",29,0,0
"233","Dead","2ª class","male",59,0,0
"234","Survived","3ª class","female",5,4,2
"235","Dead","2ª class","male",24,0,0
"236","Dead","3ª class","female",35,0,0
"237","Dead","2ª class","male",44,1,0
"238","Survived","2ª class","female",8,0,2
"239","Dead","2ª class","male",19,0,0
"240","Dead","2ª class","male",33,0,0
"241","Dead","3ª class","female",28,1,0
"242","Survived","3ª class","female",35,1,0
"243","Dead","2ª class","male",29,0,0
"244","Dead","3ª class","male",22,0,0
"245","Dead","3ª class","male",30,0,0
"246","Dead","1ª class","male",44,2,0
"247","Dead","3ª class","female",25,0,0
"248","Survived","2ª class","female",24,0,2
"249","Survived","1ª class","male",37,1,1
"250","Dead","2ª class","male",54,1,0
"251","Dead","3ª class","male",35,0,0
"252","Dead","3ª class","female",29,1,1
"253","Dead","1ª class","male",62,0,0
"254","Dead","3ª class","male",30,1,0
"255","Dead","3ª class","female",41,0,2
"256","Survived","3ª class","female",29,0,2
"257","Survived","1ª class","female",55,0,0
"258","Survived","1ª class","female",30,0,0
"259","Survived","1ª class","female",35,0,0
"260","Survived","2ª class","female",50,0,1
"261","Dead","3ª class","male",35,0,0
"262","Survived","3ª class","male",3,4,2
"263","Dead","1ª class","male",52,1,1
"264","Dead","1ª class","male",40,0,0
"265","Dead","3ª class","female",35,0,0
"266","Dead","2ª class","male",36,0,0
"267","Dead","3ª class","male",16,4,1
"268","Survived","3ª class","male",25,1,0
"269","Survived","1ª class","female",58,0,1
"270","Survived","1ª class","female",35,0,0
"271","Dead","1ª class","male",35,0,0
"272","Survived","3ª class","male",25,0,0
"273","Survived","2ª class","female",41,0,1
"274","Dead","1ª class","male",37,0,1
"275","Survived","3ª class","female",55,0,0
"276","Survived","1ª class","female",63,1,0
"277","Dead","3ª class","female",45,0,0
"278","Dead","2ª class","male",35,0,0
"279","Dead","3ª class","male",7,4,1
"280","Survived","3ª class","female",35,1,1
"281","Dead","3ª class","male",65,0,0
"282","Dead","3ª class","male",28,0,0
"283","Dead","3ª class","male",16,0,0
"284","Survived","3ª class","male",19,0,0
"285","Dead","1ª class","male",35,0,0
"286","Dead","3ª class","male",33,0,0
"287","Survived","3ª class","male",30,0,0
"288","Dead","3ª class","male",22,0,0
"289","Survived","2ª class","male",42,0,0
"290","Survived","3ª class","female",22,0,0
"291","Survived","1ª class","female",26,0,0
"292","Survived","1ª class","female",19,1,0
"293","Dead","2ª class","male",36,0,0
"294","Dead","3ª class","female",24,0,0
"295","Dead","3ª class","male",24,0,0
"296","Dead","1ª class","male",35,0,0
"297","Dead","3ª class","male",23.5,0,0
"298","Dead","1ª class","female",2,1,2
"299","Survived","1ª class","male",55,0,0
"300","Survived","1ª class","female",50,0,1
"301","Survived","3ª class","female",55,0,0
"302","Survived","3ª class","male",50,2,0
"303","Dead","3ª class","male",19,0,0
"304","Survived","2ª class","female",55,0,0
"305","Dead","3ª class","male",35,0,0
"306","Survived","1ª class","male",0.92,1,2
"307","Survived","1ª class","female",55,0,0
"308","Survived","1ª class","female",17,1,0
"309","Dead","2ª class","male",30,1,0
"310","Survived","1ª class","female",30,0,0
"311","Survived","1ª class","female",24,0,0
"312","Survived","1ª class","female",18,2,2
"313","Dead","2ª class","female",26,1,1
"314","Dead","3ª class","male",28,0,0
"315","Dead","2ª class","male",43,1,1
"316","Survived","3ª class","female",26,0,0
"317","Survived","2ª class","female",24,1,0
"318","Dead","2ª class","male",54,0,0
"319","Survived","1ª class","female",31,0,2
"320","Survived","1ª class","female",40,1,1
"321","Dead","3ª class","male",22,0,0
"322","Dead","3ª class","male",27,0,0
"323","Survived","2ª class","female",30,0,0
"324","Survived","2ª class","female",22,1,1
"325","Dead","3ª class","male",11,8,2
"326","Survived","1ª class","female",36,0,0
"327","Dead","3ª class","male",61,0,0
"328","Survived","2ª class","female",36,0,0
"329","Survived","3ª class","female",31,1,1
"330","Survived","1ª class","female",16,0,1
"331","Survived","3ª class","female",50,2,0
"332","Dead","1ª class","male",45.5,0,0
"333","Dead","1ª class","male",38,0,1
"334","Dead","3ª class","male",16,2,0
"335","Survived","1ª class","female",35,1,0
"336","Dead","3ª class","male",35,0,0
"337","Dead","1ª class","male",29,1,0
"338","Survived","1ª class","female",41,0,0
"339","Survived","3ª class","male",45,0,0
"340","Dead","1ª class","male",45,0,0
"341","Survived","2ª class","male",2,1,1
"342","Survived","1ª class","female",24,3,2
"343","Dead","2ª class","male",28,0,0
"344","Dead","2ª class","male",25,0,0
"345","Dead","2ª class","male",36,0,0
"346","Survived","2ª class","female",24,0,0
"347","Survived","2ª class","female",40,0,0
"348","Survived","3ª class","female",35,1,0
"349","Survived","3ª class","male",3,1,1
"350","Dead","3ª class","male",42,0,0
"351","Dead","3ª class","male",23,0,0
"352","Dead","1ª class","male",35,0,0
"353","Dead","3ª class","male",15,1,1
"354","Dead","3ª class","male",25,1,0
"355","Dead","3ª class","male",35,0,0
"356","Dead","3ª class","male",28,0,0
"357","Survived","1ª class","female",22,0,1
"358","Dead","2ª class","female",38,0,0
"359","Survived","3ª class","female",55,0,0
"360","Survived","3ª class","female",55,0,0
"361","Dead","3ª class","male",40,1,4
"362","Dead","2ª class","male",29,1,0
"363","Dead","3ª class","female",45,0,1
"364","Dead","3ª class","male",35,0,0
"365","Dead","3ª class","male",28,1,0
"366","Dead","3ª class","male",30,0,0
"367","Survived","1ª class","female",60,1,0
"368","Survived","3ª class","female",55,0,0
"369","Survived","3ª class","female",55,0,0
"370","Survived","1ª class","female",24,0,0
"371","Survived","1ª class","male",25,1,0
"372","Dead","3ª class","male",18,1,0
"373","Dead","3ª class","male",19,0,0
"374","Dead","1ª class","male",22,0,0
"375","Dead","3ª class","female",3,3,1
"376","Survived","1ª class","female",35,1,0
"377","Survived","3ª class","female",22,0,0
"378","Dead","1ª class","male",27,0,2
"379","Dead","3ª class","male",20,0,0
"380","Dead","3ª class","male",19,0,0
"381","Survived","1ª class","female",42,0,0
"382","Survived","3ª class","female",1,0,2
"383","Dead","3ª class","male",32,0,0
"384","Survived","1ª class","female",35,1,0
"385","Dead","3ª class","male",35,0,0
"386","Dead","2ª class","male",18,0,0
"387","Dead","3ª class","male",1,5,2
"388","Survived","2ª class","female",36,0,0
"389","Dead","3ª class","male",35,0,0
"390","Survived","2ª class","female",17,0,0
"391","Survived","1ª class","male",36,1,2
"392","Survived","3ª class","male",21,0,0
"393","Dead","3ª class","male",28,2,0
"394","Survived","1ª class","female",23,1,0
"395","Survived","3ª class","female",24,0,2
"396","Dead","3ª class","male",22,0,0
"397","Dead","3ª class","female",31,0,0
"398","Dead","2ª class","male",46,0,0
"399","Dead","2ª class","male",23,0,0
"400","Survived","2ª class","female",28,0,0
"401","Survived","3ª class","male",39,0,0
"402","Dead","3ª class","male",26,0,0
"403","Dead","3ª class","female",21,1,0
"404","Dead","3ª class","male",28,1,0
"405","Dead","3ª class","female",20,0,0
"406","Dead","2ª class","male",34,1,0
"407","Dead","3ª class","male",51,0,0
"408","Survived","2ª class","male",3,1,1
"409","Dead","3ª class","male",21,0,0
"410","Dead","3ª class","female",3,3,1
"411","Dead","3ª class","male",35,0,0
"412","Dead","3ª class","male",35,0,0
"413","Survived","1ª class","female",33,1,0
"414","Dead","2ª class","male",35,0,0
"415","Survived","3ª class","male",44,0,0
"416","Dead","3ª class","female",35,0,0
"417","Survived","2ª class","female",34,1,1
"418","Survived","2ª class","female",18,0,2
"419","Dead","2ª class","male",30,0,0
"420","Dead","3ª class","female",10,0,2
"421","Dead","3ª class","male",35,0,0
"422","Dead","3ª class","male",21,0,0
"423","Dead","3ª class","male",29,0,0
"424","Dead","3ª class","female",28,1,1
"425","Dead","3ª class","male",18,1,1
"426","Dead","3ª class","male",35,0,0
"427","Survived","2ª class","female",28,1,0
"428","Survived","2ª class","female",19,0,0
"429","Dead","3ª class","male",35,0,0
"430","Survived","3ª class","male",32,0,0
"431","Survived","1ª class","male",28,0,0
"432","Survived","3ª class","female",35,1,0
"433","Survived","2ª class","female",42,1,0
"434","Dead","3ª class","male",17,0,0
"435","Dead","1ª class","male",50,1,0
"436","Survived","1ª class","female",14,1,2
"437","Dead","3ª class","female",21,2,2
"438","Survived","2ª class","female",24,2,3
"439","Dead","1ª class","male",64,1,4
"440","Dead","2ª class","male",31,0,0
"441","Survived","2ª class","female",45,1,1
"442","Dead","3ª class","male",20,0,0
"443","Dead","3ª class","male",25,1,0
"444","Survived","2ª class","female",28,0,0
"445","Survived","3ª class","male",55,0,0
"446","Survived","1ª class","male",4,0,2
"447","Survived","2ª class","female",13,0,1
"448","Survived","1ª class","male",34,0,0
"449","Survived","3ª class","female",5,2,1
"450","Survived","1ª class","male",52,0,0
"451","Dead","2ª class","male",36,1,2
"452","Dead","3ª class","male",28,1,0
"453","Dead","1ª class","male",30,0,0
"454","Survived","1ª class","male",49,1,0
"455","Dead","3ª class","male",35,0,0
"456","Survived","3ª class","male",29,0,0
"457","Dead","1ª class","male",65,0,0
"458","Survived","1ª class","female",35,1,0
"459","Survived","2ª class","female",50,0,0
"460","Dead","3ª class","male",35,0,0
"461","Survived","1ª class","male",48,0,0
"462","Dead","3ª class","male",34,0,0
"463","Dead","1ª class","male",47,0,0
"464","Dead","2ª class","male",48,0,0
"465","Dead","3ª class","male",35,0,0
"466","Dead","3ª class","male",38,0,0
"467","Dead","2ª class","male",35,0,0
"468","Dead","1ª class","male",56,0,0
"469","Dead","3ª class","male",35,0,0
"470","Survived","3ª class","female",0.75,2,1
"471","Dead","3ª class","male",35,0,0
"472","Dead","3ª class","male",38,0,0
"473","Survived","2ª class","female",33,1,2
"474","Survived","2ª class","female",23,0,0
"475","Dead","3ª class","female",22,0,0
"476","Dead","1ª class","male",35,0,0
"477","Dead","2ª class","male",34,1,0
"478","Dead","3ª class","male",29,1,0
"479","Dead","3ª class","male",22,0,0
"480","Survived","3ª class","female",2,0,1
"481","Dead","3ª class","male",9,5,2
"482","Dead","2ª class","male",35,0,0
"483","Dead","3ª class","male",50,0,0
"484","Survived","3ª class","female",63,0,0
"485","Survived","1ª class","male",25,1,0
"486","Dead","3ª class","female",3,3,1
"487","Survived","1ª class","female",35,1,0
"488","Dead","1ª class","male",58,0,0
"489","Dead","3ª class","male",30,0,0
"490","Survived","3ª class","male",9,1,1
"491","Dead","3ª class","male",28,1,0
"492","Dead","3ª class","male",21,0,0
"493","Dead","1ª class","male",55,0,0
"494","Dead","1ª class","male",71,0,0
"495","Dead","3ª class","male",21,0,0
"496","Dead","3ª class","male",35,0,0
"497","Survived","1ª class","female",54,1,0
"498","Dead","3ª class","male",35,0,0
"499","Dead","1ª class","female",25,1,2
"500","Dead","3ª class","male",24,0,0
"501","Dead","3ª class","male",17,0,0
"502","Dead","3ª class","female",21,0,0
"503","Dead","3ª class","female",35,0,0
"504","Dead","3ª class","female",37,0,0
"505","Survived","1ª class","female",16,0,0
"506","Dead","1ª class","male",18,1,0
"507","Survived","2ª class","female",33,0,2
"508","Survived","1ª class","male",55,0,0
"509","Dead","3ª class","male",28,0,0
"510","Survived","3ª class","male",26,0,0
"511","Survived","3ª class","male",29,0,0
"512","Dead","3ª class","male",35,0,0
"513","Survived","1ª class","male",36,0,0
"514","Survived","1ª class","female",54,1,0
"515","Dead","3ª class","male",24,0,0
"516","Dead","1ª class","male",47,0,0
"517","Survived","2ª class","female",34,0,0
"518","Dead","3ª class","male",35,0,0
"519","Survived","2ª class","female",36,1,0
"520","Dead","3ª class","male",32,0,0
"521","Survived","1ª class","female",30,0,0
"522","Dead","3ª class","male",22,0,0
"523","Dead","3ª class","male",35,0,0
"524","Survived","1ª class","female",44,0,1
"525","Dead","3ª class","male",35,0,0
"526","Dead","3ª class","male",40.5,0,0
"527","Survived","2ª class","female",50,0,0
"528","Dead","1ª class","male",35,0,0
"529","Dead","3ª class","male",39,0,0
"530","Dead","2ª class","male",23,2,1
"531","Survived","2ª class","female",2,1,1
"532","Dead","3ª class","male",35,0,0
"533","Dead","3ª class","male",17,1,1
"534","Survived","3ª class","female",19,0,2
"535","Dead","3ª class","female",30,0,0
"536","Survived","2ª class","female",7,0,2
"537","Dead","1ª class","male",45,0,0
"538","Survived","1ª class","female",30,0,0
"539","Dead","3ª class","male",35,0,0
"540","Survived","1ª class","female",22,0,2
"541","Survived","1ª class","female",36,0,2
"542","Dead","3ª class","female",9,4,2
"543","Dead","3ª class","female",11,4,2
"544","Survived","2ª class","male",32,1,0
"545","Dead","1ª class","male",50,1,0
"546","Dead","1ª class","male",64,0,0
"547","Survived","2ª class","female",19,1,0
"548","Survived","2ª class","male",55,0,0
"549","Dead","3ª class","male",33,1,1
"550","Survived","2ª class","male",8,1,1
"551","Survived","1ª class","male",17,0,2
"552","Dead","2ª class","male",27,0,0
"553","Dead","3ª class","male",35,0,0
"554","Survived","3ª class","male",22,0,0
"555","Survived","3ª class","female",22,0,0
"556","Dead","1ª class","male",62,0,0
"557","Survived","1ª class","female",48,1,0
"558","Dead","1ª class","male",35,0,0
"559","Survived","1ª class","female",39,1,1
"560","Survived","3ª class","female",36,1,0
"561","Dead","3ª class","male",35,0,0
"562","Dead","3ª class","male",40,0,0
"563","Dead","2ª class","male",28,0,0
"564","Dead","3ª class","male",35,0,0
"565","Dead","3ª class","female",35,0,0
"566","Dead","3ª class","male",24,2,0
"567","Dead","3ª class","male",19,0,0
"568","Dead","3ª class","female",29,0,4
"569","Dead","3ª class","male",35,0,0
"570","Survived","3ª class","male",32,0,0
"571","Survived","2ª class","male",62,0,0
"572","Survived","1ª class","female",53,2,0
"573","Survived","1ª class","male",36,0,0
"574","Survived","3ª class","female",55,0,0
"575","Dead","3ª class","male",16,0,0
"576","Dead","3ª class","male",19,0,0
"577","Survived","2ª class","female",34,0,0
"578","Survived","1ª class","female",39,1,0
"579","Dead","3ª class","female",28,1,0
"580","Survived","3ª class","male",32,0,0
"581","Survived","2ª class","female",25,1,1
"582","Survived","1ª class","female",39,1,1
"583","Dead","2ª class","male",54,0,0
"584","Dead","1ª class","male",36,0,0
"585","Dead","3ª class","male",35,0,0
"586","Survived","1ª class","female",18,0,2
"587","Dead","2ª class","male",47,0,0
"588","Survived","1ª class","male",60,1,1
"589","Dead","3ª class","male",22,0,0
"590","Dead","3ª class","male",35,0,0
"591","Dead","3ª class","male",35,0,0
"592","Survived","1ª class","female",52,1,0
"593","Dead","3ª class","male",47,0,0
"594","Dead","3ª class","female",40.5,0,2
"595","Dead","2ª class","male",37,1,0
"596","Dead","3ª class","male",36,1,1
"597","Survived","2ª class","female",55,0,0
"598","Dead","3ª class","male",49,0,0
"599","Dead","3ª class","male",35,0,0
"600","Survived","1ª class","male",49,1,0
"601","Survived","2ª class","female",24,2,1
"602","Dead","3ª class","male",35,0,0
"603","Dead","1ª class","male",35,0,0
"604","Dead","3ª class","male",44,0,0
"605","Survived","1ª class","male",35,0,0
"606","Dead","3ª class","male",36,1,0
"607","Dead","3ª class","male",30,0,0
"608","Survived","1ª class","male",27,0,0
"609","Survived","2ª class","female",22,1,2
"610","Survived","1ª class","female",40,0,0
"611","Dead","3ª class","female",39,1,5
"612","Dead","3ª class","male",35,0,0
"613","Survived","3ª class","female",35,1,0
"614","Dead","3ª class","male",35,0,0
"615","Dead","3ª class","male",35,0,0
"616","Survived","2ª class","female",24,1,2
"617","Dead","3ª class","male",34,1,1
"618","Dead","3ª class","female",26,1,0
"619","Survived","2ª class","female",4,2,1
"620","Dead","2ª class","male",26,0,0
"621","Dead","3ª class","male",27,1,0
"622","Survived","1ª class","male",42,1,0
"623","Survived","3ª class","male",20,1,1
"624","Dead","3ª class","male",21,0,0
"625","Dead","3ª class","male",21,0,0
"626","Dead","1ª class","male",61,0,0
"627","Dead","2ª class","male",57,0,0
"628","Survived","1ª class","female",21,0,0
"629","Dead","3ª class","male",26,0,0
"630","Dead","3ª class","male",35,0,0
"631","Survived","1ª class","male",80,0,0
"632","Dead","3ª class","male",51,0,0
"633","Survived","1ª class","male",32,0,0
"634","Dead","1ª class","male",35,0,0
"635","Dead","3ª class","female",9,3,2
"636","Survived","2ª class","female",28,0,0
"637","Dead","3ª class","male",32,0,0
"638","Dead","2ª class","male",31,1,1
"639","Dead","3ª class","female",41,0,5
"640","Dead","3ª class","male",28,1,0
"641","Dead","3ª class","male",20,0,0
"642","Survived","1ª class","female",24,0,0
"643","Dead","3ª class","female",2,3,2
"644","Survived","3ª class","male",55,0,0
"645","Survived","3ª class","female",0.75,2,1
"646","Survived","1ª class","male",48,1,0
"647","Dead","3ª class","male",19,0,0
"648","Survived","1ª class","male",56,0,0
"649","Dead","3ª class","male",35,0,0
"650","Survived","3ª class","female",23,0,0
"651","Dead","3ª class","male",35,0,0
"652","Survived","2ª class","female",18,0,1
"653","Dead","3ª class","male",21,0,0
"654","Survived","3ª class","female",55,0,0
"655","Dead","3ª class","female",18,0,0
"656","Dead","2ª class","male",24,2,0
"657","Dead","3ª class","male",35,0,0
"658","Dead","3ª class","female",32,1,1
"659","Dead","2ª class","male",23,0,0
"660","Dead","1ª class","male",58,0,2
"661","Survived","1ª class","male",50,2,0
"662","Dead","3ª class","male",40,0,0
"663","Dead","1ª class","male",47,0,0
"664","Dead","3ª class","male",36,0,0
"665","Survived","3ª class","male",20,1,0
"666","Dead","2ª class","male",32,2,0
"667","Dead","2ª class","male",25,0,0
"668","Dead","3ª class","male",35,0,0
"669","Dead","3ª class","male",43,0,0
"670","Survived","1ª class","female",35,1,0
"671","Survived","2ª class","female",40,1,1
"672","Dead","1ª class","male",31,1,0
"673","Dead","2ª class","male",70,0,0
"674","Survived","2ª class","male",31,0,0
"675","Dead","2ª class","male",35,0,0
"676","Dead","3ª class","male",18,0,0
"677","Dead","3ª class","male",24.5,0,0
"678","Survived","3ª class","female",18,0,0
"679","Dead","3ª class","female",43,1,6
"680","Survived","1ª class","male",36,0,1
"681","Dead","3ª class","female",35,0,0
"682","Survived","1ª class","male",27,0,0
"683","Dead","3ª class","male",20,0,0
"684","Dead","3ª class","male",14,5,2
"685","Dead","2ª class","male",60,1,1
"686","Dead","2ª class","male",25,1,2
"687","Dead","3ª class","male",14,4,1
"688","Dead","3ª class","male",19,0,0
"689","Dead","3ª class","male",18,0,0
"690","Survived","1ª class","female",15,0,1
"691","Survived","1ª class","male",31,1,0
"692","Survived","3ª class","female",4,0,1
"693","Survived","3ª class","male",55,0,0
"694","Dead","3ª class","male",25,0,0
"695","Dead","1ª class","male",60,0,0
"696","Dead","2ª class","male",52,0,0
"697","Dead","3ª class","male",44,0,0
"698","Survived","3ª class","female",55,0,0
"699","Dead","1ª class","male",49,1,1
"700","Dead","3ª class","male",42,0,0
"701","Survived","1ª class","female",18,1,0
"702","Survived","1ª class","male",35,0,0
"703","Dead","3ª class","female",18,0,1
"704","Dead","3ª class","male",25,0,0
"705","Dead","3ª class","male",26,1,0
"706","Dead","2ª class","male",39,0,0
"707","Survived","2ª class","female",45,0,0
"708","Survived","1ª class","male",42,0,0
"709","Survived","1ª class","female",22,0,0
"710","Survived","3ª class","male",3,1,1
"711","Survived","1ª class","female",24,0,0
"712","Dead","1ª class","male",35,0,0
"713","Survived","1ª class","male",48,1,0
"714","Dead","3ª class","male",29,0,0
"715","Dead","2ª class","male",52,0,0
"716","Dead","3ª class","male",19,0,0
"717","Survived","1ª class","female",38,0,0
"718","Survived","2ª class","female",27,0,0
"719","Dead","3ª class","male",35,0,0
"720","Dead","3ª class","male",33,0,0
"721","Survived","2ª class","female",6,0,1
"722","Dead","3ª class","male",17,1,0
"723","Dead","2ª class","male",34,0,0
"724","Dead","2ª class","male",50,0,0
"725","Survived","1ª class","male",27,1,0
"726","Dead","3ª class","male",20,0,0
"727","Survived","2ª class","female",30,3,0
"728","Survived","3ª class","female",55,0,0
"729","Dead","2ª class","male",25,1,0
"730","Dead","3ª class","female",25,1,0
"731","Survived","1ª class","female",29,0,0
"732","Dead","3ª class","male",11,0,0
"733","Dead","2ª class","male",35,0,0
"734","Dead","2ª class","male",23,0,0
"735","Dead","2ª class","male",23,0,0
"736","Dead","3ª class","male",28.5,0,0
"737","Dead","3ª class","female",48,1,3
"738","Survived","1ª class","male",35,0,0
"739","Dead","3ª class","male",35,0,0
"740","Dead","3ª class","male",35,0,0
"741","Survived","1ª class","male",55,0,0
"742","Dead","1ª class","male",36,1,0
"743","Survived","1ª class","female",21,2,2
"744","Dead","3ª class","male",24,1,0
"745","Survived","3ª class","male",31,0,0
"746","Dead","1ª class","male",70,1,1
"747","Dead","3ª class","male",16,1,1
"748","Survived","2ª class","female",30,0,0
"749","Dead","1ª class","male",19,1,0
"750","Dead","3ª class","male",31,0,0
"751","Survived","2ª class","female",4,1,1
"752","Survived","3ª class","male",6,0,1
"753","Dead","3ª class","male",33,0,0
"754","Dead","3ª class","male",23,0,0
"755","Survived","2ª class","female",48,1,2
"756","Survived","2ª class","male",0.67,1,1
"757","Dead","3ª class","male",28,0,0
"758","Dead","2ª class","male",18,0,0
"759","Dead","3ª class","male",34,0,0
"760","Survived","1ª class","female",33,0,0
"761","Dead","3ª class","male",35,0,0
"762","Dead","3ª class","male",41,0,0
"763","Survived","3ª class","male",20,0,0
"764","Survived","1ª class","female",36,1,2
"765","Dead","3ª class","male",16,0,0
"766","Survived","1ª class","female",51,1,0
"767","Dead","1ª class","male",35,0,0
"768","Dead","3ª class","female",30.5,0,0
"769","Dead","3ª class","male",28,1,0
"770","Dead","3ª class","male",32,0,0
"771","Dead","3ª class","male",24,0,0
"772","Dead","3ª class","male",48,0,0
"773","Dead","2ª class","female",57,0,0
"774","Dead","3ª class","male",35,0,0
"775","Survived","2ª class","female",54,1,3
"776","Dead","3ª class","male",18,0,0
"777","Dead","3ª class","male",35,0,0
"778","Survived","3ª class","female",5,0,0
"779","Dead","3ª class","male",35,0,0
"780","Survived","1ª class","female",43,0,1
"781","Survived","3ª class","female",13,0,0
"782","Survived","1ª class","female",17,1,0
"783","Dead","1ª class","male",29,0,0
"784","Dead","3ª class","male",26,1,2
"785","Dead","3ª class","male",25,0,0
"786","Dead","3ª class","male",25,0,0
"787","Survived","3ª class","female",18,0,0
"788","Dead","3ª class","male",8,4,1
"789","Survived","3ª class","male",1,1,2
"790","Dead","1ª class","male",46,0,0
"791","Dead","3ª class","male",35,0,0
"792","Dead","2ª class","male",16,0,0
"793","Dead","3ª class","female",11,8,2
"794","Dead","1ª class","male",35,0,0
"795","Dead","3ª class","male",25,0,0
"796","Dead","2ª class","male",39,0,0
"797","Survived","1ª class","female",49,0,0
"798","Survived","3ª class","female",31,0,0
"799","Dead","3ª class","male",30,0,0
"800","Dead","3ª class","female",30,1,1
"801","Dead","2ª class","male",34,0,0
"802","Survived","2ª class","female",31,1,1
"803","Survived","1ª class","male",11,1,2
"804","Survived","3ª class","male",0.42,0,1
"805","Survived","3ª class","male",27,0,0
"806","Dead","3ª class","male",31,0,0
"807","Dead","1ª class","male",39,0,0
"808","Dead","3ª class","female",18,0,0
"809","Dead","2ª class","male",39,0,0
"810","Survived","1ª class","female",33,1,0
"811","Dead","3ª class","male",26,0,0
"812","Dead","3ª class","male",39,0,0
"813","Dead","2ª class","male",35,0,0
"814","Dead","3ª class","female",6,4,2
"815","Dead","3ª class","male",30.5,0,0
"816","Dead","1ª class","male",35,0,0
"817","Dead","3ª class","female",23,0,0
"818","Dead","2ª class","male",31,1,1
"819","Dead","3ª class","male",43,0,0
"820","Dead","3ª class","male",10,3,2
"821","Survived","1ª class","female",52,1,1
"822","Survived","3ª class","male",27,0,0
"823","Dead","1ª class","male",38,0,0
"824","Survived","3ª class","female",27,0,1
"825","Dead","3ª class","male",2,4,1
"826","Dead","3ª class","male",35,0,0
"827","Dead","3ª class","male",35,0,0
"828","Survived","2ª class","male",1,0,2
"829","Survived","3ª class","male",55,0,0
"830","Survived","1ª class","female",62,0,0
"831","Survived","3ª class","female",15,1,0
"832","Survived","2ª class","male",0.83,1,1
"833","Dead","3ª class","male",35,0,0
"834","Dead","3ª class","male",23,0,0
"835","Dead","3ª class","male",18,0,0
"836","Survived","1ª class","female",39,1,1
"837","Dead","3ª class","male",21,0,0
"838","Dead","3ª class","male",35,0,0
"839","Survived","3ª class","male",32,0,0
"840","Survived","1ª class","male",55,0,0
"841","Dead","3ª class","male",20,0,0
"842","Dead","2ª class","male",16,0,0
"843","Survived","1ª class","female",30,0,0
"844","Dead","3ª class","male",34.5,0,0
"845","Dead","3ª class","male",17,0,0
"846","Dead","3ª class","male",42,0,0
"847","Dead","3ª class","male",11,8,2
"848","Dead","3ª class","male",35,0,0
"849","Dead","2ª class","male",28,0,1
"850","Survived","1ª class","female",35,1,0
"851","Dead","3ª class","male",4,4,2
"852","Dead","3ª class","male",74,0,0
"853","Dead","3ª class","female",9,1,1
"854","Survived","1ª class","female",16,0,1
"855","Dead","2ª class","female",44,1,0
"856","Survived","3ª class","female",18,0,1
"857","Survived","1ª class","female",45,1,1
"858","Survived","1ª class","male",51,0,0
"859","Survived","3ª class","female",24,0,3
"860","Dead","3ª class","male",35,0,0
"861","Dead","3ª class","male",41,2,0
"862","Dead","2ª class","male",21,1,0
"863","Survived","1ª class","female",48,0,0
"864","Dead","3ª class","female",11,8,2
"865","Dead","2ª class","male",24,0,0
"866","Survived","2ª class","female",42,0,0
"867","Survived","2ª class","female",27,1,0
"868","Dead","1ª class","male",31,0,0
"869","Dead","3ª class","male",35,0,0
"870","Survived","3ª class","male",4,1,1
"871","Dead","3ª class","male",26,0,0
"872","Survived","1ª class","female",47,1,1
"873","Dead","1ª class","male",33,0,0
"874","Dead","3ª class","male",47,0,0
"875","Survived","2ª class","female",28,1,0
"876","Survived","3ª class","female",15,0,0
"877","Dead","3ª class","male",20,0,0
"878","Dead","3ª class","male",19,0,0
"879","Dead","3ª class","male",35,0,0
"880","Survived","1ª class","female",56,0,1
"881","Survived","2ª class","female",25,0,1
"882","Dead","3ª class","male",33,0,0
"883","Dead","3ª class","female",22,0,0
"884","Dead","2ª class","male",28,0,0
"885","Dead","3ª class","male",25,0,0
"886","Dead","3ª class","female",39,0,5
"887","Dead","2ª class","male",27,0,0
"888","Survived","1ª class","female",19,0,0
"889","Dead","3ª class","female",26,1,2
"890","Survived","1ª class","male",26,0,0
"891","Dead","3ª class","male",32,0,0
